country,code,year,energy_consumption_per_capita_(kwh)
Austria,AUT,1965,25546.36148962437
Austria,AUT,1966,26553.225208226333
Austria,AUT,1967,26658.37046972529
Austria,AUT,1968,28357.9004491457
Austria,AUT,1969,29272.712057452067
Austria,AUT,1970,33306.82159399016
Austria,AUT,1971,33121.852178108085
Austria,AUT,1972,34128.45714929007
Austria,AUT,1973,36554.20584238019
Austria,AUT,1974,36571.21613225911
Austria,AUT,1975,36239.77896270569
Austria,AUT,1976,37587.794760697296
Austria,AUT,1977,37597.46369789656
Austria,AUT,1978,39292.13392159202
Austria,AUT,1979,41635.88326929955
Austria,AUT,1980,41479.26850971327
Austria,AUT,1981,40235.65717936857
Austria,AUT,1982,38908.827131012375
Austria,AUT,1983,38801.84311855373
Austria,AUT,1984,38472.07819741212
Austria,AUT,1985,40351.84387406619
Austria,AUT,1986,40703.3371528076
Austria,AUT,1987,42846.17884208562
Austria,AUT,1988,42090.64903423084
Austria,AUT,1989,42178.93213578744
Austria,AUT,1990,42664.20295577836
Austria,AUT,1991,44503.01468238956
Austria,AUT,1992,43385.515525365605
Austria,AUT,1993,43783.83912542702
Austria,AUT,1994,43233.473865025546
Austria,AUT,1995,45079.61797160601
Austria,AUT,1996,45058.722024333
Austria,AUT,1997,45892.35427198232
Austria,AUT,1998,46562.677192628784
Austria,AUT,1999,47511.00182969048
Austria,AUT,2000,47551.69909667096
Austria,AUT,2001,49146.761656226976
Austria,AUT,2002,49037.04319785716
Austria,AUT,2003,49419.90574322065
Austria,AUT,2004,49997.50041201509
Austria,AUT,2005,50621.47959738551
Austria,AUT,2006,49861.92019527773
Austria,AUT,2007,48534.01602093794
Austria,AUT,2008,49334.4225757406
Austria,AUT,2009,47491.0431084536
Austria,AUT,2010,48883.57415108751
Austria,AUT,2011,45537.712612355805
Austria,AUT,2012,47495.22050222301
Austria,AUT,2013,46888.6180066828
Austria,AUT,2014,44630.04844019386
Austria,AUT,2015,44369.91092957806
Austria,AUT,2016,45481.413905013615
Austria,AUT,2017,46183.6232091517
Austria,AUT,2018,44905.62812757553
Austria,AUT,2019,46523.958368091575
Belgium,BEL,1965,43720.11859764908
Belgium,BEL,1966,41922.78971202024
Belgium,BEL,1967,43824.84502591647
Belgium,BEL,1968,48648.33659327285
Belgium,BEL,1969,53201.32491056293
Belgium,BEL,1970,56015.7796605484
Belgium,BEL,1971,54777.0660254422
Belgium,BEL,1972,58052.24616779348
Belgium,BEL,1973,58660.95630019134
Belgium,BEL,1974,56498.04284439747
Belgium,BEL,1975,52962.25899209559
Belgium,BEL,1976,56042.58110536928
Belgium,BEL,1977,55999.50729659897
Belgium,BEL,1978,58332.77813354763
Belgium,BEL,1979,59921.80836182708
Belgium,BEL,1980,57268.520415380895
Belgium,BEL,1981,54381.1921178573
Belgium,BEL,1982,51958.134898684526
Belgium,BEL,1983,50258.67205733543
Belgium,BEL,1984,52467.90732525803
Belgium,BEL,1985,54676.64956966019
Belgium,BEL,1986,56325.93745224939
Belgium,BEL,1987,57939.67841210038
Belgium,BEL,1988,58990.79060168312
Belgium,BEL,1989,59316.0009152433
Belgium,BEL,1990,62686.76569848807
Belgium,BEL,1991,64643.03859333938
Belgium,BEL,1992,64157.549644668594
Belgium,BEL,1993,62881.088148929935
Belgium,BEL,1994,66135.58557111047
Belgium,BEL,1995,66519.74977639604
Belgium,BEL,1996,70566.44863462717
Belgium,BEL,1997,71106.56295480145
Belgium,BEL,1998,72443.80441392069
Belgium,BEL,1999,71721.57945316976
Belgium,BEL,2000,73153.56432582613
Belgium,BEL,2001,72299.81258025022
Belgium,BEL,2002,71684.09813621265
Belgium,BEL,2003,74007.25780660564
Belgium,BEL,2004,73825.9207814273
Belgium,BEL,2005,72511.81459105568
Belgium,BEL,2006,72171.30979044881
Belgium,BEL,2007,72073.03755078332
Belgium,BEL,2008,72761.1306130183
Belgium,BEL,2009,67471.57871120793
Belgium,BEL,2010,71317.80479165135
Belgium,BEL,2011,66019.64169749829
Belgium,BEL,2012,63041.36910693858
Belgium,BEL,2013,64263.00169725283
Belgium,BEL,2014,59524.36640664968
Belgium,BEL,2015,60020.4363096802
Belgium,BEL,2016,64278.42693402289
Belgium,BEL,2017,64639.18972454256
Belgium,BEL,2018,62624.21352420832
Belgium,BEL,2019,65302.71670853057
Bulgaria,BGR,1965,14540.596914941509
Bulgaria,BGR,1966,15476.256546454852
Bulgaria,BGR,1967,17856.691939263575
Bulgaria,BGR,1968,19845.697820990004
Bulgaria,BGR,1969,21967.86349056558
Bulgaria,BGR,1970,24561.937942122004
Bulgaria,BGR,1971,25424.498698944502
Bulgaria,BGR,1972,26012.66113483703
Bulgaria,BGR,1973,26873.059853329025
Bulgaria,BGR,1974,27543.689538223018
Bulgaria,BGR,1975,30295.356151781416
Bulgaria,BGR,1976,31936.2438070138
Bulgaria,BGR,1977,33531.34069942309
Bulgaria,BGR,1978,34633.89302829248
Bulgaria,BGR,1979,35839.99123958681
Bulgaria,BGR,1980,37724.80433481676
Bulgaria,BGR,1981,37040.03122286783
Bulgaria,BGR,1982,37838.7087192937
Bulgaria,BGR,1983,37986.282514298
Bulgaria,BGR,1984,37696.96100577501
Bulgaria,BGR,1985,37403.189161153205
Bulgaria,BGR,1986,38169.71037773899
Bulgaria,BGR,1987,38511.03640093829
Bulgaria,BGR,1988,39492.67074719525
Bulgaria,BGR,1989,39327.48151315757
Bulgaria,BGR,1990,36510.569148609655
Bulgaria,BGR,1991,29897.739024061597
Bulgaria,BGR,1992,28356.009762808204
Bulgaria,BGR,1993,30491.331950311804
Bulgaria,BGR,1994,29692.437683790213
Bulgaria,BGR,1995,32238.201984995343
Bulgaria,BGR,1996,32565.31160188809
Bulgaria,BGR,1997,31055.41580334292
Bulgaria,BGR,1998,30110.81308265102
Bulgaria,BGR,1999,26584.993514303707
Bulgaria,BGR,2000,26973.03483172393
Bulgaria,BGR,2001,28354.461839325435
Bulgaria,BGR,2002,27780.36932290186
Bulgaria,BGR,2003,28837.517980013585
Bulgaria,BGR,2004,28154.825156364885
Bulgaria,BGR,2005,30659.725682668923
Bulgaria,BGR,2006,31634.213741952302
Bulgaria,BGR,2007,30862.09480682356
Bulgaria,BGR,2008,30577.50083388729
Bulgaria,BGR,2009,27013.458785548304
Bulgaria,BGR,2010,28276.95060508148
Bulgaria,BGR,2011,30268.182915645757
Bulgaria,BGR,2012,28939.91679794709
Bulgaria,BGR,2013,26922.035940903705
Bulgaria,BGR,2014,28824.114512028704
Bulgaria,BGR,2015,30872.252436979725
Bulgaria,BGR,2016,29425.259760049776
Bulgaria,BGR,2017,30285.7428446142
Bulgaria,BGR,2018,30430.95343499348
Bulgaria,BGR,2019,29649.21971142029
Croatia,HRV,1990,20890.141409661643
Croatia,HRV,1991,17595.70297711135
Croatia,HRV,1992,16847.953650195228
Croatia,HRV,1993,17706.12740456705
Croatia,HRV,1994,18009.26450281537
Croatia,HRV,1995,18803.77060818627
Croatia,HRV,1996,20291.12600823694
Croatia,HRV,1997,20368.714870520304
Croatia,HRV,1998,21736.22843082101
Croatia,HRV,1999,22616.179136714996
Croatia,HRV,2000,21543.207977802624
Croatia,HRV,2001,22740.297986537207
Croatia,HRV,2002,22881.25339244131
Croatia,HRV,2003,24005.6830484844
Croatia,HRV,2004,24910.58321413595
Croatia,HRV,2005,24681.733681211976
Croatia,HRV,2006,24433.724076819497
Croatia,HRV,2007,24676.88967883356
Croatia,HRV,2008,24549.592922452102
Croatia,HRV,2009,24240.9858879484
Croatia,HRV,2010,24650.008552400188
Croatia,HRV,2011,21689.34123017204
Croatia,HRV,2012,20176.6902438636
Croatia,HRV,2013,22090.544846193592
Croatia,HRV,2014,22157.189626844454
Croatia,HRV,2015,21182.05083280983
Croatia,HRV,2016,22131.92987785888
Croatia,HRV,2017,22318.159140671287
Croatia,HRV,2018,23521.493057902317
Croatia,HRV,2019,22870.485541463924
Cyprus,CYP,1965,8055.515145879518
Cyprus,CYP,1966,9125.87482206154
Cyprus,CYP,1967,9792.317008504231
Cyprus,CYP,1968,10747.92108439465
Cyprus,CYP,1969,12524.421919052807
Cyprus,CYP,1970,13037.191482947885
Cyprus,CYP,1971,15376.042002022545
Cyprus,CYP,1972,17097.18547533121
Cyprus,CYP,1973,18140.44014663622
Cyprus,CYP,1974,15908.243515785049
Cyprus,CYP,1975,13123.441267975384
Cyprus,CYP,1976,13180.951949683891
Cyprus,CYP,1977,14710.19737041742
Cyprus,CYP,1978,14924.952917334327
Cyprus,CYP,1979,14989.472775882352
Cyprus,CYP,1980,15005.362369243794
Cyprus,CYP,1981,14305.081997193034
Cyprus,CYP,1982,17071.967334505778
Cyprus,CYP,1983,17911.656580354465
Cyprus,CYP,1984,18069.482777765043
Cyprus,CYP,1985,19269.020702451708
Cyprus,CYP,1986,19864.395573151687
Cyprus,CYP,1987,23901.575522044262
Cyprus,CYP,1988,24245.95123551359
Cyprus,CYP,1989,24383.551464215718
Cyprus,CYP,1990,25129.79302863364
Cyprus,CYP,1991,24919.760250819927
Cyprus,CYP,1992,28460.29742489888
Cyprus,CYP,1993,28925.75913299145
Cyprus,CYP,1994,28354.097089206687
Cyprus,CYP,1995,29509.582736952056
Cyprus,CYP,1996,29329.711639899204
Cyprus,CYP,1997,29014.19018975982
Cyprus,CYP,1998,30194.309695093518
Cyprus,CYP,1999,31188.663059861778
Cyprus,CYP,2000,32090.27517143373
Cyprus,CYP,2001,31885.080484895832
Cyprus,CYP,2002,30896.58192184033
Cyprus,CYP,2003,32282.01833621328
Cyprus,CYP,2004,30919.066264386143
Cyprus,CYP,2005,34039.547065165374
Cyprus,CYP,2006,32898.32194217591
Cyprus,CYP,2007,32881.129844983094
Cyprus,CYP,2008,33131.346848042514
Cyprus,CYP,2009,31864.75327967941
Cyprus,CYP,2010,30574.30343516442
Cyprus,CYP,2011,29931.43382167111
Cyprus,CYP,2012,27788.34406129868
Cyprus,CYP,2013,24651.740778097905
Cyprus,CYP,2014,24494.62680054688
Cyprus,CYP,2015,25059.152978687336
Cyprus,CYP,2016,27043.81626941368
Cyprus,CYP,2017,27540.712710518645
Cyprus,CYP,2018,27215.92309035492
Cyprus,CYP,2019,27022.731746979152
Czech Republic,CZE,1965,47740.14657383508
Czech Republic,CZE,1966,48050.90059548274
Czech Republic,CZE,1967,47326.1448691366
Czech Republic,CZE,1968,49411.666574117655
Czech Republic,CZE,1969,51536.845835936976
Czech Republic,CZE,1970,53632.65737837604
Czech Republic,CZE,1971,56208.49982611192
Czech Republic,CZE,1972,56275.334958335065
Czech Republic,CZE,1973,56301.15852593223
Czech Republic,CZE,1974,56545.01220354072
Czech Republic,CZE,1975,58488.07994721788
Czech Republic,CZE,1976,59740.50448808427
Czech Republic,CZE,1977,61297.569161315565
Czech Republic,CZE,1978,61782.63189599572
Czech Republic,CZE,1979,62119.34765613904
Czech Republic,CZE,1980,59948.42957904436
Czech Republic,CZE,1981,59411.1906892464
Czech Republic,CZE,1982,58727.03904891424
Czech Republic,CZE,1983,58882.50294697084
Czech Republic,CZE,1984,60922.15437973504
Czech Republic,CZE,1985,61084.859927335405
Czech Republic,CZE,1986,61765.30833434222
Czech Republic,CZE,1987,63152.37987964192
Czech Republic,CZE,1988,63404.51853350982
Czech Republic,CZE,1989,61432.30455838603
Czech Republic,CZE,1990,52778.70789034059
Czech Republic,CZE,1991,48010.784349056834
Czech Republic,CZE,1992,46556.240599867866
Czech Republic,CZE,1993,46146.341794177046
Czech Republic,CZE,1994,44909.96831327981
Czech Republic,CZE,1995,46819.5725975474
Czech Republic,CZE,1996,48471.57876649663
Czech Republic,CZE,1997,46533.6368646777
Czech Republic,CZE,1998,45237.80150929478
Czech Republic,CZE,1999,43433.44686372735
Czech Republic,CZE,2000,45984.85020779221
Czech Republic,CZE,2001,47101.6983981256
Czech Republic,CZE,2002,47303.66290792802
Czech Republic,CZE,2003,50059.56484930404
Czech Republic,CZE,2004,51297.28311872604
Czech Republic,CZE,2005,50418.53630542134
Czech Republic,CZE,2006,51171.95544379435
Czech Republic,CZE,2007,50313.03380341882
Czech Republic,CZE,2008,49013.41837403933
Czech Republic,CZE,2009,46703.23572682685
Czech Republic,CZE,2010,48418.05356047453
Czech Republic,CZE,2011,47221.12515055948
Czech Republic,CZE,2012,46858.3280546317
Czech Republic,CZE,2013,45919.76850850458
Czech Republic,CZE,2014,44877.41042848928
Czech Republic,CZE,2015,44065.148999221776
Czech Republic,CZE,2016,43317.37534822545
Czech Republic,CZE,2017,45162.36243064731
Czech Republic,CZE,2018,44974.15269492144
Czech Republic,CZE,2019,44313.3908212106
Denmark,DNK,1965,34916.791238732774
Denmark,DNK,1966,39419.28635423436
Denmark,DNK,1967,39345.850610669295
Denmark,DNK,1968,40826.809160485005
Denmark,DNK,1969,46548.85406108063
Denmark,DNK,1970,49277.08718071345
Denmark,DNK,1971,46277.919708499
Denmark,DNK,1972,48555.03249924104
Denmark,DNK,1973,46734.19353420331
Denmark,DNK,1974,42314.971805178335
Denmark,DNK,1975,41523.97417422992
Denmark,DNK,1976,45550.0801759575
Denmark,DNK,1977,46338.0021587683
Denmark,DNK,1978,46891.07681485363
Denmark,DNK,1979,46714.69957788982
Denmark,DNK,1980,45463.13345175098
Denmark,DNK,1981,40827.17954518635
Denmark,DNK,1982,39036.85123509506
Denmark,DNK,1983,37126.79869013046
Denmark,DNK,1984,37777.13217850548
Denmark,DNK,1985,42586.31921220806
Denmark,DNK,1986,43518.06593205279
Denmark,DNK,1987,41934.57195989486
Denmark,DNK,1988,41432.07802827724
Denmark,DNK,1989,38144.55964709396
Denmark,DNK,1990,39245.23396159463
Denmark,DNK,1991,45115.3428602161
Denmark,DNK,1992,42102.095692906805
Denmark,DNK,1993,44463.87035991178
Denmark,DNK,1994,47516.57861111304
Denmark,DNK,1995,46461.949287074334
Denmark,DNK,1996,55056.3074449473
Denmark,DNK,1997,49686.18885843048
Denmark,DNK,1998,47685.733588807925
Denmark,DNK,1999,46026.688508239386
Denmark,DNK,2000,44039.561537556256
Denmark,DNK,2001,44007.31336724264
Denmark,DNK,2002,43744.82577069459
Denmark,DNK,2003,46980.67089927678
Denmark,DNK,2004,44250.41481914493
Denmark,DNK,2005,42530.17711399521
Denmark,DNK,2006,46691.1216250529
Denmark,DNK,2007,44026.64013698575
Denmark,DNK,2008,42139.28985505312
Denmark,DNK,2009,39410.72376123164
Denmark,DNK,2010,41166.20620026535
Denmark,DNK,2011,38641.480502189865
Denmark,DNK,2012,35548.08280585671
Denmark,DNK,2013,36956.481813792125
Denmark,DNK,2014,35538.41021821328
Denmark,DNK,2015,34132.57554728388
Denmark,DNK,2016,34302.11799790895
Denmark,DNK,2017,34359.68976384055
Denmark,DNK,2018,33821.54498334631
Denmark,DNK,2019,33534.557175279624
Estonia,EST,1985,77827.00834857687
Estonia,EST,1986,76746.71052202997
Estonia,EST,1987,77154.38133804126
Estonia,EST,1988,75212.88927654349
Estonia,EST,1989,77213.47401418345
Estonia,EST,1990,76943.9247073802
Estonia,EST,1991,70188.09627388889
Estonia,EST,1992,51753.015323045365
Estonia,EST,1993,41959.62380811426
Estonia,EST,1994,43291.34440197941
Estonia,EST,1995,41083.418925482205
Estonia,EST,1996,43773.08959452891
Estonia,EST,1997,43539.93298006668
Estonia,EST,1998,40853.16607906117
Estonia,EST,1999,37513.92562681766
Estonia,EST,2000,38522.64677393424
Estonia,EST,2001,40249.12902239368
Estonia,EST,2002,40266.45825957773
Estonia,EST,2003,44075.03343916825
Estonia,EST,2004,46361.91514424341
Estonia,EST,2005,45923.80804350737
Estonia,EST,2006,45431.937548057824
Estonia,EST,2007,51693.23393887947
Estonia,EST,2008,49529.48634826717
Estonia,EST,2009,44133.363442058384
Estonia,EST,2010,53550.72498101953
Estonia,EST,2011,55346.03135008283
Estonia,EST,2012,56193.0413010839
Estonia,EST,2013,58329.07033435028
Estonia,EST,2014,57026.32538292857
Estonia,EST,2015,53293.29612002737
Estonia,EST,2016,53537.0788120805
Estonia,EST,2017,59027.09843889311
Estonia,EST,2018,62320.22349349508
Estonia,EST,2019,50000.7991760724
Europe,EUR,1965,19466.406083244805
Europe,EUR,1966,19895.86332469008
Europe,EUR,1967,20336.663076416866
Europe,EUR,1968,21552.50090991723
Europe,EUR,1969,22972.269704498915
Europe,EUR,1970,24312.417841582097
Europe,EUR,1971,24812.899881983976
Europe,EUR,1972,25838.198069667036
Europe,EUR,1973,27160.604063604325
Europe,EUR,1974,26628.321448830626
Europe,EUR,1975,26212.470030561788
Europe,EUR,1976,27559.33116020826
Europe,EUR,1977,27875.97603993552
Europe,EUR,1978,28804.214429180272
Europe,EUR,1979,29739.95079031951
Europe,EUR,1980,28868.08491760447
Europe,EUR,1981,28002.307770595664
Europe,EUR,1982,27364.64191935826
Europe,EUR,1983,27507.07986296404
Europe,EUR,1984,28110.135543750348
Europe,EUR,1985,33482.84044433879
Europe,EUR,1986,33911.906878705966
Europe,EUR,1987,34459.57363637355
Europe,EUR,1988,34685.98535841528
Europe,EUR,1989,34435.10905602076
Europe,EUR,1990,34654.823592909175
Europe,EUR,1991,34062.54978658384
Europe,EUR,1992,32984.014593406326
Europe,EUR,1993,32274.417987765144
Europe,EUR,1994,31547.979420454096
Europe,EUR,1995,32142.54884939565
Europe,EUR,1996,33025.65274648011
Europe,EUR,1997,32877.02914947452
Europe,EUR,1998,33224.50876545061
Europe,EUR,1999,33094.19655847504
Europe,EUR,2000,33489.1459018537
Europe,EUR,2001,33870.55291357177
Europe,EUR,2002,33699.93145841889
Europe,EUR,2003,34267.19329535809
Europe,EUR,2004,34716.95240762195
Europe,EUR,2005,34826.50959938606
Europe,EUR,2006,35067.030929556255
Europe,EUR,2007,34674.24702821056
Europe,EUR,2008,34434.149075870366
Europe,EUR,2009,32334.616384397672
Europe,EUR,2010,33453.87821882035
Europe,EUR,2011,32623.495358544693
Europe,EUR,2012,32435.434923034427
Europe,EUR,2013,32043.33959490113
Europe,EUR,2014,30743.90233152787
Europe,EUR,2015,30942.90066352835
Europe,EUR,2016,31313.70838461369
Europe,EUR,2017,31584.44242996959
Europe,EUR,2018,31541.630127824745
Europe,EUR,2019,31159.831473158065
Finland,FIN,1965,24891.100139512368
Finland,FIN,1966,28270.00296961886
Finland,FIN,1967,29672.73717125953
Finland,FIN,1968,32248.856157502836
Finland,FIN,1969,35503.87346091371
Finland,FIN,1970,39029.01419032524
Finland,FIN,1971,39893.584818037154
Finland,FIN,1972,41894.352359670185
Finland,FIN,1973,45964.21252891637
Finland,FIN,1974,43767.38793767228
Finland,FIN,1975,44302.49200055818
Finland,FIN,1976,46966.79477896367
Finland,FIN,1977,49420.96719865727
Finland,FIN,1978,51276.10122354771
Finland,FIN,1979,55229.18412602138
Finland,FIN,1980,54806.88026522222
Finland,FIN,1981,54867.67926024368
Finland,FIN,1982,53888.91131746019
Finland,FIN,1983,53040.24359537681
Finland,FIN,1984,55001.42379743044
Finland,FIN,1985,57503.6249299882
Finland,FIN,1986,57946.18564021096
Finland,FIN,1987,60788.97059950708
Finland,FIN,1988,60220.554682709946
Finland,FIN,1989,60306.6515649978
Finland,FIN,1990,64003.81365741795
Finland,FIN,1991,65005.0606932102
Finland,FIN,1992,64296.08491331616
Finland,FIN,1993,64716.47877980128
Finland,FIN,1994,67755.42593712496
Finland,FIN,1995,64252.87221144248
Finland,FIN,1996,67107.11930977379
Finland,FIN,1997,67577.01322521469
Finland,FIN,1998,69768.41071829008
Finland,FIN,1999,68339.30226713912
Finland,FIN,2000,68656.96494223323
Finland,FIN,2001,70028.55789245962
Finland,FIN,2002,70551.751349385
Finland,FIN,2003,75468.20446609108
Finland,FIN,2004,74557.07960195154
Finland,FIN,2005,67544.68746834077
Finland,FIN,2006,72076.93435911994
Finland,FIN,2007,71606.26502583278
Finland,FIN,2008,68803.36482309946
Finland,FIN,2009,63574.2839285657
Finland,FIN,2010,68829.45291832427
Finland,FIN,2011,63785.36869471466
Finland,FIN,2012,61464.95001320517
Finland,FIN,2013,61585.33756673324
Finland,FIN,2014,59081.80818628201
Finland,FIN,2015,58375.27937265061
Finland,FIN,2016,59642.51780410987
Finland,FIN,2017,57559.98999843804
Finland,FIN,2018,57693.81750512874
Finland,FIN,2019,55118.02412973392
France,FRA,1965,26692.96234445361
France,FRA,1966,27049.266437938822
France,FRA,1967,28572.82266757568
France,FRA,1968,29924.13127450715
France,FRA,1969,32749.47189542608
France,FRA,1970,35303.58834996687
France,FRA,1971,36450.24584779701
France,FRA,1972,38660.56814967173
France,FRA,1973,41667.48789982232
France,FRA,1974,40594.2346938914
France,FRA,1975,37973.33761545045
France,FRA,1976,40265.09358442414
France,FRA,1977,40523.09324149238
France,FRA,1978,42192.232146253
France,FRA,1979,43267.4884859793
France,FRA,1980,42519.75204049329
France,FRA,1981,41850.80107134185
France,FRA,1982,40093.80502867287
France,FRA,1983,40851.653226944974
France,FRA,1984,41978.45967712417
France,FRA,1985,43124.82839983412
France,FRA,1986,43942.347853263054
France,FRA,1987,44492.80091034504
France,FRA,1988,44832.51335215397
France,FRA,1989,45231.01866041813
France,FRA,1990,46387.60935473087
France,FRA,1991,49094.72853400852
France,FRA,1992,49265.670008452944
France,FRA,1993,49066.47883636396
France,FRA,1994,48234.29729838148
France,FRA,1995,49209.15328684026
France,FRA,1996,50876.566726487625
France,FRA,1997,50004.01064950688
France,FRA,1998,50981.50542558723
France,FRA,1999,51623.621463759206
France,FRA,2000,52010.65962462968
France,FRA,2001,52299.90857354406
France,FRA,2002,51419.99233684832
France,FRA,2003,51569.86309671845
France,FRA,2004,51609.092747842114
France,FRA,2005,50970.2503820432
France,FRA,2006,50224.62479330148
France,FRA,2007,49048.52057300199
France,FRA,2008,48915.55269690045
France,FRA,2009,45944.4680090648
France,FRA,2010,47054.24879512182
France,FRA,2011,44987.42711431052
France,FRA,2012,44683.3561446454
France,FRA,2013,44834.32025511128
France,FRA,2014,42713.15788316855
France,FRA,2015,42767.747022125055
France,FRA,2016,41930.68539104699
France,FRA,2017,41553.88093416792
France,FRA,2018,42190.68373995415
France,FRA,2019,41281.29857084386
Germany,DEU,1965,38899.3059860277
Germany,DEU,1966,38711.86595890941
Germany,DEU,1967,38346.57850096462
Germany,DEU,1968,40685.97673699925
Germany,DEU,1969,43661.95426923781
Germany,DEU,1970,45904.80827423707
Germany,DEU,1971,46203.35400796395
Germany,DEU,1972,47741.096404298754
Germany,DEU,1973,50467.09263944586
Germany,DEU,1974,49595.23360313243
Germany,DEU,1975,47676.8492486147
Germany,DEU,1976,50927.019725784325
Germany,DEU,1977,50847.81074612223
Germany,DEU,1978,52762.01439856875
Germany,DEU,1979,55788.129097746765
Germany,DEU,1980,54056.21724752527
Germany,DEU,1981,52478.68658042453
Germany,DEU,1982,50737.4332587424
Germany,DEU,1983,51560.49647245802
Germany,DEU,1984,53510.08224230634
Germany,DEU,1985,55066.80686182181
Germany,DEU,1986,54531.71538301392
Germany,DEU,1987,54840.93092721699
Germany,DEU,1988,54810.77561715738
Germany,DEU,1989,53985.96816119528
Germany,DEU,1990,52872.98182210894
Germany,DEU,1991,51304.48532725491
Germany,DEU,1992,49970.76629861612
Germany,DEU,1993,49460.855491875576
Germany,DEU,1994,48748.56002364579
Germany,DEU,1995,48811.3969589009
Germany,DEU,1996,50310.61656459569
Germany,DEU,1997,49608.54999474269
Germany,DEU,1998,49214.30880865989
Germany,DEU,1999,48523.28925204153
Germany,DEU,2000,48823.53194517709
Germany,DEU,2001,49653.5373001628
Germany,DEU,2002,48946.94014755234
Germany,DEU,2003,48852.43062421399
Germany,DEU,2004,48786.08604209539
Germany,DEU,2005,48221.02309941546
Germany,DEU,2006,49482.712672188485
Germany,DEU,2007,47470.93238301927
Germany,DEU,2008,48068.74080859967
Germany,DEU,2009,45166.55553302324
Germany,DEU,2010,47104.03641574573
Germany,DEU,2011,45355.5739755793
Germany,DEU,2012,45861.86508356391
Germany,DEU,2013,47038.76962097691
Germany,DEU,2014,44902.42719808791
Germany,DEU,2015,45510.724775215866
Germany,DEU,2016,46028.41342088499
Germany,DEU,2017,46322.04148145443
Germany,DEU,2018,44910.659481530725
Germany,DEU,2019,43703.37935829424
Greece,GRC,1965,9345.008396012305
Greece,GRC,1966,10169.622976681272
Greece,GRC,1967,11151.538392768294
Greece,GRC,1968,11540.813909709652
Greece,GRC,1969,12114.426758066173
Greece,GRC,1970,13376.08141492244
Greece,GRC,1971,15849.208121213263
Greece,GRC,1972,17668.01745823932
Greece,GRC,1973,20196.31008614525
Greece,GRC,1974,19566.93929345869
Greece,GRC,1975,21957.92286179055
Greece,GRC,1976,23965.956531989268
Greece,GRC,1977,24510.628558604218
Greece,GRC,1978,24565.695975898176
Greece,GRC,1979,21269.18931579088
Greece,GRC,1980,20826.60360424245
Greece,GRC,1981,20155.06779299424
Greece,GRC,1982,20265.913256030213
Greece,GRC,1983,20269.707592557348
Greece,GRC,1984,21039.21859842699
Greece,GRC,1985,22111.559539822032
Greece,GRC,1986,22046.983133772545
Greece,GRC,1987,24021.2872116671
Greece,GRC,1988,25262.5067074757
Greece,GRC,1989,27247.858080051006
Greece,GRC,1990,28496.866056487583
Greece,GRC,1991,28471.587192612114
Greece,GRC,1992,28605.27560333206
Greece,GRC,1993,28738.526012763057
Greece,GRC,1994,28935.69738266078
Greece,GRC,1995,29697.07395202773
Greece,GRC,1996,30261.64033127714
Greece,GRC,1997,30881.435956835503
Greece,GRC,1998,32617.64454846527
Greece,GRC,1999,32392.28236707563
Greece,GRC,2000,33993.54355768381
Greece,GRC,2001,34162.411493530264
Greece,GRC,2002,34156.11513464389
Greece,GRC,2003,35783.35205615831
Greece,GRC,2004,35789.85012223943
Greece,GRC,2005,36023.19570791733
Greece,GRC,2006,37366.37931939455
Greece,GRC,2007,38311.68694928508
Greece,GRC,2008,37218.98612077699
Greece,GRC,2009,36270.28078795676
Greece,GRC,2010,34743.217646784724
Greece,GRC,2011,34039.799371442794
Greece,GRC,2012,32344.188161862727
Greece,GRC,2013,30736.01371146765
Greece,GRC,2014,29041.91519065153
Greece,GRC,2015,29348.358219130583
Greece,GRC,2016,28991.960834205373
Greece,GRC,2017,30676.645371607538
Greece,GRC,2018,30655.96237454647
Greece,GRC,2019,30383.696978463864
Greenland,GRL,1980,47249.7531924
Greenland,GRL,1981,40571.70058862745
Greenland,GRL,1982,40416.407707058825
Greenland,GRL,1983,28357.20579346154
Greenland,GRL,1984,44425.80608792453
Greenland,GRL,1985,38741.827473584905
Greenland,GRL,1986,25866.80635
Greenland,GRL,1987,17895.759416666668
Greenland,GRL,1988,41113.79872909091
Greenland,GRL,1989,36249.238276363634
Greenland,GRL,1990,40666.66253571429
Greenland,GRL,1991,40165.99311250001
Greenland,GRL,1992,35698.82496428572
Greenland,GRL,1993,36502.93770178572
Greenland,GRL,1994,36714.95883214285
Greenland,GRL,1995,36714.95883214285
Greenland,GRL,1996,38909.62705714285
Greenland,GRL,1997,39916.992735714295
Greenland,GRL,1998,39917.54931428572
Greenland,GRL,1999,48642.126307678576
Greenland,GRL,2000,52780.76357017858
Greenland,GRL,2001,49158.47961660716
Greenland,GRL,2002,46815.575633859655
Greenland,GRL,2003,51405.9958040351
Greenland,GRL,2004,49642.494424385965
Greenland,GRL,2005,59841.21093192983
Greenland,GRL,2006,54969.79343491227
Greenland,GRL,2007,62151.21621333334
Greenland,GRL,2008,55267.33963964912
Greenland,GRL,2009,60642.94150877194
Greenland,GRL,2010,76779.08233350879
Greenland,GRL,2011,75969.30481684211
Greenland,GRL,2012,64901.50429625
Greenland,GRL,2013,65125.62727232143
Greenland,GRL,2014,60976.51491035715
Greenland,GRL,2015,64774.752249107136
Greenland,GRL,2016,63928.05335910714
Hungary,HUN,1965,18187.032740371684
Hungary,HUN,1966,18362.566773375
Hungary,HUN,1967,17453.2027831406
Hungary,HUN,1968,18035.965513956853
Hungary,HUN,1969,19241.51220368787
Hungary,HUN,1970,20656.384780287863
Hungary,HUN,1971,21261.77955455761
Hungary,HUN,1972,21893.19602659601
Hungary,HUN,1973,23644.16953284064
Hungary,HUN,1974,24294.022576957657
Hungary,HUN,1975,25618.878379046077
Hungary,HUN,1976,27238.17295856362
Hungary,HUN,1977,28481.07516489893
Hungary,HUN,1978,30301.430976580566
Hungary,HUN,1979,29887.82546797038
Hungary,HUN,1980,29925.513422341457
Hungary,HUN,1981,29643.697304077985
Hungary,HUN,1982,29858.668385277346
Hungary,HUN,1983,29459.63281983016
Hungary,HUN,1984,30400.31190931677
Hungary,HUN,1985,31513.02287586599
Hungary,HUN,1986,31500.483418828404
Hungary,HUN,1987,33027.917273545776
Hungary,HUN,1988,32374.04022067236
Hungary,HUN,1989,31633.08035461854
Hungary,HUN,1990,31349.121558670715
Hungary,HUN,1991,29354.9121101131
Hungary,HUN,1992,27688.363582171256
Hungary,HUN,1993,27294.6922511561
Hungary,HUN,1994,27656.97314034273
Hungary,HUN,1995,27859.97703399401
Hungary,HUN,1996,28407.214460170737
Hungary,HUN,1997,27685.016650647263
Hungary,HUN,1998,28064.74299868522
Hungary,HUN,1999,28203.560279246954
Hungary,HUN,2000,27372.10470104491
Hungary,HUN,2001,28234.93374700324
Hungary,HUN,2002,27900.59741089427
Hungary,HUN,2003,28160.533107027717
Hungary,HUN,2004,28437.23313471327
Hungary,HUN,2005,30463.136770516365
Hungary,HUN,2006,30101.23944161933
Hungary,HUN,2007,29773.07798843536
Hungary,HUN,2008,29423.900001382102
Hungary,HUN,2009,27073.792285250736
Hungary,HUN,2010,27723.062315879924
Hungary,HUN,2011,27668.02132599192
Hungary,HUN,2012,25765.38737808597
Hungary,HUN,2013,24560.77589676897
Hungary,HUN,2014,24697.742858637437
Hungary,HUN,2015,26010.015381982616
Hungary,HUN,2016,26512.968280774738
Hungary,HUN,2017,27882.556649980885
Hungary,HUN,2018,28137.17657509889
Hungary,HUN,2019,28488.96577285576
Iceland,ISL,1965,38896.95241383334
Iceland,ISL,1966,40206.14185149744
Iceland,ISL,1967,39392.91081492386
Iceland,ISL,1968,41056.76201205
Iceland,ISL,1969,40435.23311823763
Iceland,ISL,1970,48284.12767955883
Iceland,ISL,1971,51791.30283934301
Iceland,ISL,1972,55497.625085895226
Iceland,ISL,1973,66057.7588972864
Iceland,ISL,1974,63438.99879642592
Iceland,ISL,1975,60278.70647980734
Iceland,ISL,1976,61704.73496980909
Iceland,ISL,1977,64685.2669633874
Iceland,ISL,1978,66944.83282169644
Iceland,ISL,1979,69131.36676030974
Iceland,ISL,1980,69350.01649361404
Iceland,ISL,1981,69787.51614742857
Iceland,ISL,1982,70829.7478893133
Iceland,ISL,1983,72165.47675305085
Iceland,ISL,1984,75003.07139246025
Iceland,ISL,1985,73320.08161285952
Iceland,ISL,1986,76017.48226202458
Iceland,ISL,1987,77493.89915206478
Iceland,ISL,1988,80743.50570586401
Iceland,ISL,1989,82967.04609139684
Iceland,ISL,1990,82065.92186183529
Iceland,ISL,1991,79175.7868547907
Iceland,ISL,1992,81342.61742446922
Iceland,ISL,1993,83539.05288949049
Iceland,ISL,1994,83835.71696369811
Iceland,ISL,1995,85547.37772474627
Iceland,ISL,1996,89977.8610768815
Iceland,ISL,1997,93219.3246771502
Iceland,ISL,1998,100089.89421326546
Iceland,ISL,1999,108452.38792091368
Iceland,ISL,2000,114330.53392467144
Iceland,ISL,2001,114288.03214491872
Iceland,ISL,2002,117873.45784644914
Iceland,ISL,2003,117219.76873715974
Iceland,ISL,2004,118378.4318542543
Iceland,ISL,2005,117250.98080635932
Iceland,ISL,2006,126576.84385398668
Iceland,ISL,2007,142218.0327178689
Iceland,ISL,2008,173969.73278053376
Iceland,ISL,2009,170948.91576746205
Iceland,ISL,2010,168804.6437241625
Iceland,ISL,2011,167258.3579207864
Iceland,ISL,2012,167360.55140707977
Iceland,ISL,2013,172178.608690789
Iceland,ISL,2014,170906.1262553556
Iceland,ISL,2015,177833.4848592667
Iceland,ISL,2016,177647.35764655424
Iceland,ISL,2017,184731.89678739524
Iceland,ISL,2018,188921.53920173296
Iceland,ISL,2019,179962.79555976402
Ireland,IRL,1965,23900.264831559496
Ireland,IRL,1966,26685.836653374965
Ireland,IRL,1967,28821.433613855235
Ireland,IRL,1968,33448.02172907445
Ireland,IRL,1969,33337.54238600625
Ireland,IRL,1970,26017.88943342985
Ireland,IRL,1971,26715.431528578127
Ireland,IRL,1972,27788.372489207908
Ireland,IRL,1973,28759.02478336784
Ireland,IRL,1974,28771.09685082269
Ireland,IRL,1975,26474.846738603763
Ireland,IRL,1976,26573.98303207084
Ireland,IRL,1977,27853.85686695776
Ireland,IRL,1978,28532.711553129328
Ireland,IRL,1979,31010.90543574088
Ireland,IRL,1980,29623.172721988776
Ireland,IRL,1981,28590.54319841145
Ireland,IRL,1982,28125.03818231326
Ireland,IRL,1983,27518.765747229663
Ireland,IRL,1984,27074.63742292655
Ireland,IRL,1985,28307.566080953577
Ireland,IRL,1986,30528.49538093629
Ireland,IRL,1987,30886.32724664789
Ireland,IRL,1988,30763.873162078595
Ireland,IRL,1989,31722.939275133907
Ireland,IRL,1990,33297.92886624039
Ireland,IRL,1991,34424.838748869246
Ireland,IRL,1992,34543.369623971674
Ireland,IRL,1993,35127.95412746377
Ireland,IRL,1994,36300.00716342546
Ireland,IRL,1995,36769.71529176949
Ireland,IRL,1996,38583.589491770166
Ireland,IRL,1997,39926.76259356506
Ireland,IRL,1998,42512.29163212473
Ireland,IRL,1999,44455.63244050121
Ireland,IRL,2000,45600.00365769865
Ireland,IRL,2001,47597.04860453306
Ireland,IRL,2002,46473.56932087053
Ireland,IRL,2003,44453.432059087936
Ireland,IRL,2004,44172.1040222834
Ireland,IRL,2005,45182.91991029317
Ireland,IRL,2006,45143.2869877854
Ireland,IRL,2007,45527.25164335213
Ireland,IRL,2008,44388.57950489721
Ireland,IRL,2009,39796.9856751604
Ireland,IRL,2010,39181.75931346904
Ireland,IRL,2011,36773.569799770856
Ireland,IRL,2012,36236.58443629298
Ireland,IRL,2013,35458.4844279181
Ireland,IRL,2014,35287.921393631295
Ireland,IRL,2015,37179.07806176355
Ireland,IRL,2016,38377.77340283774
Ireland,IRL,2017,38045.306928261314
Ireland,IRL,2018,38354.49207482133
Ireland,IRL,2019,37739.29557672799
Italy,ITA,1965,17810.970240362174
Italy,ITA,1966,19203.357995638016
Italy,ITA,1967,20667.98797729797
Italy,ITA,1968,22192.246047707777
Italy,ITA,1969,23741.08652073371
Italy,ITA,1970,26045.22285683548
Italy,ITA,1971,27245.876382550505
Italy,ITA,1972,28380.450723452403
Italy,ITA,1973,29443.924258172618
Italy,ITA,1974,29249.336769054156
Italy,ITA,1975,28462.94659695225
Italy,ITA,1976,29907.030894807845
Italy,ITA,1977,29838.535335902936
Italy,ITA,1978,30477.6527456106
Italy,ITA,1979,31330.352194099007
Italy,ITA,1980,30432.84709673588
Italy,ITA,1981,29718.800962881232
Italy,ITA,1982,29054.07268371189
Italy,ITA,1983,28382.36921242956
Italy,ITA,1984,28772.843256763164
Italy,ITA,1985,28622.82771858135
Italy,ITA,1986,29379.608138535976
Italy,ITA,1987,30258.034583119566
Italy,ITA,1988,30997.30213421856
Italy,ITA,1989,31882.10876350229
Italy,ITA,1990,32012.92153908628
Italy,ITA,1991,32714.18787976391
Italy,ITA,1992,32659.74977425329
Italy,ITA,1993,32107.370338563655
Italy,ITA,1994,32039.329002218303
Italy,ITA,1995,33380.29293342362
Italy,ITA,1996,33489.7604872804
Italy,ITA,1997,34055.76263518768
Italy,ITA,1998,35060.68809078484
Italy,ITA,1999,36221.99152346103
Italy,ITA,2000,36712.49914819263
Italy,ITA,2001,36782.43024154947
Italy,ITA,2002,36291.15822436858
Italy,ITA,2003,37231.01625901639
Italy,ITA,2004,37656.20691754476
Italy,ITA,2005,37480.7725841453
Italy,ITA,2006,37137.49011419162
Italy,ITA,2007,36315.12735329741
Italy,ITA,2008,35705.990330606735
Italy,ITA,2009,33230.0186838745
Italy,ITA,2010,34108.475224202746
Italy,ITA,2011,33168.18934795033
Italy,ITA,2012,32108.19555595775
Italy,ITA,2013,30442.12608257301
Italy,ITA,2014,28650.491569789112
Italy,ITA,2015,29203.354747179477
Italy,ITA,2016,29445.83301491153
Italy,ITA,2017,29730.619637358937
Italy,ITA,2018,29915.23176494337
Italy,ITA,2019,29239.012376419192
Latvia,LVA,1985,40974.39639824332
Latvia,LVA,1986,37752.06784361492
Latvia,LVA,1987,34054.06427321736
Latvia,LVA,1988,31894.005494219626
Latvia,LVA,1989,31678.17995546997
Latvia,LVA,1990,32154.877763421176
Latvia,LVA,1991,29857.565620859958
Latvia,LVA,1992,21596.54049604809
Latvia,LVA,1993,18830.887973030585
Latvia,LVA,1994,18486.95377452673
Latvia,LVA,1995,17560.568053405103
Latvia,LVA,1996,16592.065624500203
Latvia,LVA,1997,16813.190172922135
Latvia,LVA,1998,18382.647024767582
Latvia,LVA,1999,15822.20246487625
Latvia,LVA,2000,15624.210509239094
Latvia,LVA,2001,17025.763703026707
Latvia,LVA,2002,17396.98896163395
Latvia,LVA,2003,17392.71243010755
Latvia,LVA,2004,19742.49153870294
Latvia,LVA,2005,20586.70065130906
Latvia,LVA,2006,19801.05217041708
Latvia,LVA,2007,20670.43800534941
Latvia,LVA,2008,21041.49311139383
Latvia,LVA,2009,20148.77952227413
Latvia,LVA,2010,23146.6269803983
Latvia,LVA,2011,20912.49351550621
Latvia,LVA,2012,21811.923227946834
Latvia,LVA,2013,21245.46008247237
Latvia,LVA,2014,19778.4247512004
Latvia,LVA,2015,20468.210819
Latvia,LVA,2016,22037.449100169204
Latvia,LVA,2017,24388.015694689904
Latvia,LVA,2018,22427.29995542635
Latvia,LVA,2019,23136.924644815943
Lithuania,LTU,1985,50549.27198845256
Lithuania,LTU,1986,46207.547168196994
Lithuania,LTU,1987,47988.59681072237
Lithuania,LTU,1988,49886.68971795844
Lithuania,LTU,1989,53627.20674762966
Lithuania,LTU,1990,54327.93908521212
Lithuania,LTU,1991,57439.22937334055
Lithuania,LTU,1992,35196.00422029013
Lithuania,LTU,1993,27630.895617819668
Lithuania,LTU,1994,24034.198226155662
Lithuania,LTU,1995,26969.94904890709
Lithuania,LTU,1996,29521.67440656715
Lithuania,LTU,1997,27422.6889927581
Lithuania,LTU,1998,29612.70926601969
Lithuania,LTU,1999,24826.43141932956
Lithuania,LTU,2000,22121.84522458938
Lithuania,LTU,2001,26053.740458532524
Lithuania,LTU,2002,28006.10706863164
Lithuania,LTU,2003,29626.41494956708
Lithuania,LTU,2004,30174.544252008876
Lithuania,LTU,2005,27751.436176410287
Lithuania,LTU,2006,26928.52996948956
Lithuania,LTU,2007,29851.86135717828
Lithuania,LTU,2008,30010.03602516216
Lithuania,LTU,2009,27934.129195687405
Lithuania,LTU,2010,20972.39522789565
Lithuania,LTU,2011,22055.47003561142
Lithuania,LTU,2012,22411.060370652
Lithuania,LTU,2013,20916.116212219345
Lithuania,LTU,2014,20430.442968373616
Lithuania,LTU,2015,21618.31197403547
Lithuania,LTU,2016,22310.547644656057
Lithuania,LTU,2017,23917.93809547557
Lithuania,LTU,2018,24403.549908797577
Lithuania,LTU,2019,24641.049000263047
Luxembourg,LUX,1965,126632.13160865453
Luxembourg,LUX,1966,120612.3915032229
Luxembourg,LUX,1967,118071.08913410778
Luxembourg,LUX,1968,126942.8553571131
Luxembourg,LUX,1969,135816.52301868048
Luxembourg,LUX,1970,140193.58764497648
Luxembourg,LUX,1971,134022.92154573684
Luxembourg,LUX,1972,136998.40186916522
Luxembourg,LUX,1973,143984.90924913794
Luxembourg,LUX,1974,144958.79909451853
Luxembourg,LUX,1975,119391.3949480678
Luxembourg,LUX,1976,118587.08599937816
Luxembourg,LUX,1977,110035.03154389416
Luxembourg,LUX,1978,113844.8248400222
Luxembourg,LUX,1979,116372.27935425346
Luxembourg,LUX,1980,106976.83237626925
Luxembourg,LUX,1981,91229.28226799454
Luxembourg,LUX,1982,85474.65209351783
Luxembourg,LUX,1983,79899.69329565481
Luxembourg,LUX,1984,85849.13592272678
Luxembourg,LUX,1985,87924.25895576023
Luxembourg,LUX,1986,85478.78112009757
Luxembourg,LUX,1987,80335.27466050134
Luxembourg,LUX,1988,81673.54721638502
Luxembourg,LUX,1989,92848.10484867723
Luxembourg,LUX,1990,97208.26493932462
Luxembourg,LUX,1991,103388.40237098966
Luxembourg,LUX,1992,102366.84802015348
Luxembourg,LUX,1993,102143.02671855416
Luxembourg,LUX,1994,96986.71039748758
Luxembourg,LUX,1995,83114.66003742648
Luxembourg,LUX,1996,84256.41201055073
Luxembourg,LUX,1997,81276.63314294763
Luxembourg,LUX,1998,77366.46577940375
Luxembourg,LUX,1999,80819.9757154803
Luxembourg,LUX,2000,85248.60540576147
Luxembourg,LUX,2001,90523.3741863182
Luxembourg,LUX,2002,98081.16642783332
Luxembourg,LUX,2003,102168.13356143626
Luxembourg,LUX,2004,114452.43976738496
Luxembourg,LUX,2005,114632.21567464632
Luxembourg,LUX,2006,110654.87631591417
Luxembourg,LUX,2007,105385.99249586106
Luxembourg,LUX,2008,102446.7703880495
Luxembourg,LUX,2009,95607.46135065192
Luxembourg,LUX,2010,98496.25880569292
Luxembourg,LUX,2011,93918.88481177649
Luxembourg,LUX,2012,90121.0628898456
Luxembourg,LUX,2013,83946.77781830572
Luxembourg,LUX,2014,79552.01809601803
Luxembourg,LUX,2015,75678.34537507937
Luxembourg,LUX,2016,73131.14994605527
Luxembourg,LUX,2017,74567.40246543582
Luxembourg,LUX,2018,76501.10516698676
Luxembourg,LUX,2019,76658.11823481495
Malta,MLT,1980,16837.72953625378
Malta,MLT,1981,18442.9654251497
Malta,MLT,1982,18831.485531038576
Malta,MLT,1983,13265.288177147062
Malta,MLT,1984,19230.726044344025
Malta,MLT,1985,15327.702702890174
Malta,MLT,1986,17347.672528853866
Malta,MLT,1987,19522.7614388102
Malta,MLT,1988,21436.681268539327
Malta,MLT,1989,23665.857844011145
Malta,MLT,1990,24688.785980110497
Malta,MLT,1991,24915.55312273973
Malta,MLT,1992,24779.19276847826
Malta,MLT,1993,28113.234736388145
Malta,MLT,1994,27867.18376390374
Malta,MLT,1995,26537.792474960213
Malta,MLT,1996,26880.185175789476
Malta,MLT,1997,28385.18017890625
Malta,MLT,1998,29487.3342873385
Malta,MLT,1999,32363.99671867007
Malta,MLT,2000,47029.53863705584
Malta,MLT,2001,51548.35384848485
Malta,MLT,2002,49917.93914035087
Malta,MLT,2003,57724.37680299252
Malta,MLT,2004,60295.261719602975
Malta,MLT,2005,51185.81816296297
Malta,MLT,2006,52181.589987684725
Malta,MLT,2007,56565.36974264707
Malta,MLT,2008,58440.27228850856
Malta,MLT,2009,61822.5245050971
Malta,MLT,2010,73471.25808847827
Malta,MLT,2011,69208.37996322967
Malta,MLT,2012,65399.68440635072
Malta,MLT,2013,61519.37805157277
Malta,MLT,2014,62420.99927969767
Malta,MLT,2015,64895.95092435484
Malta,MLT,2016,74465.28642038991
Netherlands,NLD,1965,33798.205811494605
Netherlands,NLD,1966,35744.74271128959
Netherlands,NLD,1967,37333.79016449614
Netherlands,NLD,1968,41267.95246817991
Netherlands,NLD,1969,45489.56852352424
Netherlands,NLD,1970,50744.21602134319
Netherlands,NLD,1971,52916.65007675373
Netherlands,NLD,1972,60797.42291482457
Netherlands,NLD,1973,64002.40001763697
Netherlands,NLD,1974,60150.58350114895
Netherlands,NLD,1975,60097.50296927268
Netherlands,NLD,1976,65020.76228022852
Netherlands,NLD,1977,63394.08520101979
Netherlands,NLD,1978,64247.4925410053
Netherlands,NLD,1979,65975.29624296952
Netherlands,NLD,1980,61600.26902069664
Netherlands,NLD,1981,58101.27206996935
Netherlands,NLD,1982,53450.42828749353
Netherlands,NLD,1983,53446.38581698086
Netherlands,NLD,1984,55211.30709785553
Netherlands,NLD,1985,56664.78186969134
Netherlands,NLD,1986,59136.69260406975
Netherlands,NLD,1987,59996.66999779705
Netherlands,NLD,1988,59821.45919536592
Netherlands,NLD,1989,59710.45405732301
Netherlands,NLD,1990,60823.4756736282
Netherlands,NLD,1991,61567.868850818726
Netherlands,NLD,1992,61883.91691152196
Netherlands,NLD,1993,61980.978451945375
Netherlands,NLD,1994,60909.81008002603
Netherlands,NLD,1995,62983.473295682976
Netherlands,NLD,1996,65297.4729366022
Netherlands,NLD,1997,63749.55048503201
Netherlands,NLD,1998,63820.709495354255
Netherlands,NLD,1999,62684.71169595972
Netherlands,NLD,2000,63140.546905437135
Netherlands,NLD,2001,65184.9443351753
Netherlands,NLD,2002,64825.11491612327
Netherlands,NLD,2003,64897.23333315846
Netherlands,NLD,2004,66713.38042768737
Netherlands,NLD,2005,67757.13578241522
Netherlands,NLD,2006,66070.33171537421
Netherlands,NLD,2007,66915.16562258327
Netherlands,NLD,2008,65829.55005482063
Netherlands,NLD,2009,64649.6834377641
Netherlands,NLD,2010,68190.14684496014
Netherlands,NLD,2011,65052.64227255239
Netherlands,NLD,2012,62720.37554614544
Netherlands,NLD,2013,60660.93959773843
Netherlands,NLD,2014,57127.70127280791
Netherlands,NLD,2015,57672.17117541929
Netherlands,NLD,2016,58544.933048604216
Netherlands,NLD,2017,57622.29093913566
Netherlands,NLD,2018,57413.45838025452
Netherlands,NLD,2019,57046.58352886822
Norway,NOR,1965,55467.44777826692
Norway,NOR,1966,56382.08907355089
Norway,NOR,1967,60007.95069236355
Norway,NOR,1968,66660.73226809592
Norway,NOR,1969,66376.79762673221
Norway,NOR,1970,69025.28892331733
Norway,NOR,1971,71966.61021230885
Norway,NOR,1972,75742.68387828776
Norway,NOR,1973,79648.21626137035
Norway,NOR,1974,79735.25466455343
Norway,NOR,1975,80474.22210554042
Norway,NOR,1976,85704.17645998362
Norway,NOR,1977,78750.07611958408
Norway,NOR,1978,88047.9720834994
Norway,NOR,1979,93865.38765192487
Norway,NOR,1980,89064.52385394422
Norway,NOR,1981,93567.91396137058
Norway,NOR,1982,92145.14160678064
Norway,NOR,1983,100805.78084658038
Norway,NOR,1984,101797.49759442292
Norway,NOR,1985,100432.24303936528
Norway,NOR,1986,97767.35820369636
Norway,NOR,1987,102181.64584577408
Norway,NOR,1988,104749.82101382266
Norway,NOR,1989,110969.59112875958
Norway,NOR,1990,111513.8276014886
Norway,NOR,1991,102358.4400762183
Norway,NOR,1992,107165.5706949886
Norway,NOR,1993,110021.45560775632
Norway,NOR,1994,105793.6803281055
Norway,NOR,1995,111493.4030638214
Norway,NOR,1996,101974.06057354293
Norway,NOR,1997,106533.69772060544
Norway,NOR,1998,110055.99977048708
Norway,NOR,1999,112185.33704119938
Norway,NOR,2000,123356.7199715088
Norway,NOR,2001,111306.0451456812
Norway,NOR,2002,115080.11699436164
Norway,NOR,2003,101378.31153049583
Norway,NOR,2004,102595.12575444583
Norway,NOR,2005,115926.92924118137
Norway,NOR,2006,105370.2941304404
Norway,NOR,2007,111888.05800652513
Norway,NOR,2008,113272.15657168058
Norway,NOR,2009,103478.74902375432
Norway,NOR,2010,98771.88070707615
Norway,NOR,2011,98589.0153101144
Norway,NOR,2012,107783.80176790227
Norway,NOR,2013,99572.27092462534
Norway,NOR,2014,101010.52075822015
Norway,NOR,2015,101181.00786781848
Norway,NOR,2016,101263.058697172
Norway,NOR,2017,100801.79907667186
Norway,NOR,2018,99093.42077794118
Norway,NOR,2019,91240.27165568584
Poland,POL,1965,24740.362875863782
Poland,POL,1966,24999.28874004336
Poland,POL,1967,25519.114585616448
Poland,POL,1968,27252.499648880505
Poland,POL,1969,28891.639237489835
Poland,POL,1970,30257.670903490303
Poland,POL,1971,30976.62830819069
Poland,POL,1972,32418.42716426078
Poland,POL,1973,32764.020293494377
Poland,POL,1974,33568.235507023935
Poland,POL,1975,35907.87123246393
Poland,POL,1976,37505.169768504114
Poland,POL,1977,38759.53713669834
Poland,POL,1978,40328.6500704197
Poland,POL,1979,40552.994721585055
Poland,POL,1980,42068.30560171942
Poland,POL,1981,37571.19139225682
Poland,POL,1982,37896.06985541776
Poland,POL,1983,37720.8948394314
Poland,POL,1984,38886.7921846524
Poland,POL,1985,39477.21990272635
Poland,POL,1986,40346.12207879904
Poland,POL,1987,41451.580567836405
Poland,POL,1988,40495.163735763694
Poland,POL,1989,38833.64971845426
Poland,POL,1990,31877.0808669411
Poland,POL,1991,31086.70907081375
Poland,POL,1992,29637.19180608624
Poland,POL,1993,29543.78452462865
Poland,POL,1994,28207.277248134626
Poland,POL,1995,28819.19241606885
Poland,POL,1996,30214.22103220172
Poland,POL,1997,29890.25148889615
Poland,POL,1998,28619.81752294907
Poland,POL,1999,28060.97686693404
Poland,POL,2000,26377.971589806104
Poland,POL,2001,26209.414816463952
Poland,POL,2002,25954.788280362754
Poland,POL,2003,26889.79378057479
Poland,POL,2004,27094.45805431068
Poland,POL,2005,27709.977195315387
Poland,POL,2006,29086.585789166817
Poland,POL,2007,28993.83920104393
Poland,POL,2008,29483.22092414365
Poland,POL,2009,28425.395167637675
Poland,POL,2010,30311.20413415132
Poland,POL,2011,30494.539606751438
Poland,POL,2012,29612.117701179588
Poland,POL,2013,29749.992737608736
Poland,POL,2014,28693.189815180067
Poland,POL,2015,29036.67908694915
Poland,POL,2016,30350.81506509948
Poland,POL,2017,31583.279774371986
Poland,POL,2018,32106.321729842257
Poland,POL,2019,31355.417564196214
Portugal,PRT,1965,5532.744214050102
Portugal,PRT,1966,6072.400143729553
Portugal,PRT,1967,6544.636166772941
Portugal,PRT,1968,6718.824659636971
Portugal,PRT,1969,7296.600979938721
Portugal,PRT,1970,8757.977375890418
Portugal,PRT,1971,9596.108698592185
Portugal,PRT,1972,10320.907834474689
Portugal,PRT,1973,11262.68728310575
Portugal,PRT,1974,11615.580119644468
Portugal,PRT,1975,11402.16480690166
Portugal,PRT,1976,11156.432006196304
Portugal,PRT,1977,12388.917944915704
Portugal,PRT,1978,12875.99297638543
Portugal,PRT,1979,13507.1042455073
Portugal,PRT,1980,13048.52438040119
Portugal,PRT,1981,12772.002858081052
Portugal,PRT,1982,13724.346040646136
Portugal,PRT,1983,14148.29186211855
Portugal,PRT,1984,14688.3507117974
Portugal,PRT,1985,14955.388135113708
Portugal,PRT,1986,15883.453501970582
Portugal,PRT,1987,16266.679651981236
Portugal,PRT,1988,18040.08997279968
Portugal,PRT,1989,19629.45616008412
Portugal,PRT,1990,19862.293414946944
Portugal,PRT,1991,20572.500602579672
Portugal,PRT,1992,20794.1974546928
Portugal,PRT,1993,21232.68356388437
Portugal,PRT,1994,21863.148401405677
Portugal,PRT,1995,23912.117699361414
Portugal,PRT,1996,24446.45789454076
Portugal,PRT,1997,24728.640039516464
Portugal,PRT,1998,26898.58136589877
Portugal,PRT,1999,27500.16566986953
Portugal,PRT,2000,28233.55657191454
Portugal,PRT,2001,28482.008677776237
Portugal,PRT,2002,28240.049257190258
Portugal,PRT,2003,28749.469947464248
Portugal,PRT,2004,28163.74556496648
Portugal,PRT,2005,28073.391029730687
Portugal,PRT,2006,27649.61271163976
Portugal,PRT,2007,27772.075666154167
Portugal,PRT,2008,26764.42002721812
Portugal,PRT,2009,26906.627732586192
Portugal,PRT,2010,28241.89670217761
Portugal,PRT,2011,27037.60870337629
Portugal,PRT,2012,24819.292925277216
Portugal,PRT,2013,27262.91817345193
Portugal,PRT,2014,27588.124446711085
Portugal,PRT,2015,27562.38951067072
Portugal,PRT,2016,29132.50116661457
Portugal,PRT,2017,28998.65531410963
Portugal,PRT,2018,29169.073186817277
Portugal,PRT,2019,28328.31818385684
Romania,ROU,1965,14372.601740016926
Romania,ROU,1966,15171.311899293129
Romania,ROU,1967,16731.576041238102
Romania,ROU,1968,17585.765173839547
Romania,ROU,1969,19966.25781271549
Romania,ROU,1970,20999.280375362112
Romania,ROU,1971,22024.649254082186
Romania,ROU,1972,22938.474172847276
Romania,ROU,1973,24700.780800813543
Romania,ROU,1974,24614.298712402237
Romania,ROU,1975,26577.75801306379
Romania,ROU,1976,28378.362409442845
Romania,ROU,1977,29801.988017695134
Romania,ROU,1978,31807.06861922634
Romania,ROU,1979,32176.68462977082
Romania,ROU,1980,32259.57150782915
Romania,ROU,1981,32163.66027421199
Romania,ROU,1982,31761.636230832468
Romania,ROU,1983,31449.135329396253
Romania,ROU,1984,31107.26178005413
Romania,ROU,1985,30888.398209896928
Romania,ROU,1986,31419.466535529147
Romania,ROU,1987,32424.80256536045
Romania,ROU,1988,32849.788125201936
Romania,ROU,1989,32814.56717135583
Romania,ROU,1990,31213.360941170336
Romania,ROU,1991,26509.373213279447
Romania,ROU,1992,23467.51782335661
Romania,ROU,1993,22914.98050584332
Romania,ROU,1994,21738.763882124076
Romania,ROU,1995,24028.370252025
Romania,ROU,1996,24050.501070215825
Romania,ROU,1997,22964.07651831487
Romania,ROU,1998,21149.32031123476
Romania,ROU,1999,18727.37461055395
Romania,ROU,2000,18853.41015280987
Romania,ROU,2001,19197.10630213489
Romania,ROU,2002,20049.52245113266
Romania,ROU,2003,20194.54604359199
Romania,ROU,2004,21045.32514924034
Romania,ROU,2005,21219.832529955365
Romania,ROU,2006,21857.9431270844
Romania,ROU,2007,21298.69542208957
Romania,ROU,2008,21549.101466077005
Romania,ROU,2009,18994.45871129169
Romania,ROU,2010,19287.347761831483
Romania,ROU,2011,19926.162851583915
Romania,ROU,2012,19270.67868015514
Romania,ROU,2013,18010.15845023514
Romania,ROU,2014,18743.192192252547
Romania,ROU,2015,18937.68001838785
Romania,ROU,2016,19062.626201234896
Romania,ROU,2017,19550.343860133
Romania,ROU,2018,20067.331552217573
Romania,ROU,2019,19665.134718238576
Slovakia,SVK,1965,24284.26258910518
Slovakia,SVK,1966,24943.85099978089
Slovakia,SVK,1967,24912.732150144304
Slovakia,SVK,1968,27336.38457477105
Slovakia,SVK,1969,28380.562293621395
Slovakia,SVK,1970,31148.088735738274
Slovakia,SVK,1971,33141.544214263115
Slovakia,SVK,1972,34551.333425273406
Slovakia,SVK,1973,35622.56284016099
Slovakia,SVK,1974,37090.48539322891
Slovakia,SVK,1975,38442.18863062277
Slovakia,SVK,1976,39473.075391198254
Slovakia,SVK,1977,41055.54294333635
Slovakia,SVK,1978,42636.07683777565
Slovakia,SVK,1979,43421.93397015267
Slovakia,SVK,1980,43701.5433106608
Slovakia,SVK,1981,43018.41749105262
Slovakia,SVK,1982,42246.730464461965
Slovakia,SVK,1983,42088.0954266446
Slovakia,SVK,1984,45073.26423859207
Slovakia,SVK,1985,46202.34767298549
Slovakia,SVK,1986,45551.329332404704
Slovakia,SVK,1987,46345.48050973065
Slovakia,SVK,1988,46371.380378284906
Slovakia,SVK,1989,46819.51217236985
Slovakia,SVK,1990,46765.8914953022
Slovakia,SVK,1991,41672.2574959175
Slovakia,SVK,1992,39920.28573616551
Slovakia,SVK,1993,39025.39975509109
Slovakia,SVK,1994,38282.7839048402
Slovakia,SVK,1995,38733.336723078704
Slovakia,SVK,1996,38955.07552594615
Slovakia,SVK,1997,38199.17790365722
Slovakia,SVK,1998,38568.25611459463
Slovakia,SVK,1999,38849.2328927903
Slovakia,SVK,2000,40087.983079807
Slovakia,SVK,2001,41222.1213521563
Slovakia,SVK,2002,41549.63390840482
Slovakia,SVK,2003,40306.50472460186
Slovakia,SVK,2004,39247.40925594184
Slovakia,SVK,2005,41370.14762347325
Slovakia,SVK,2006,39898.80586892758
Slovakia,SVK,2007,37422.710990191525
Slovakia,SVK,2008,38726.074486833866
Slovakia,SVK,2009,35245.335341013146
Slovakia,SVK,2010,37506.64269959067
Slovakia,SVK,2011,36029.27483313366
Slovakia,SVK,2012,34561.02087748034
Slovakia,SVK,2013,35369.250343412394
Slovakia,SVK,2014,32904.984624042365
Slovakia,SVK,2015,33171.59964043892
Slovakia,SVK,2016,33273.468980630656
Slovakia,SVK,2017,35150.55038139024
Slovakia,SVK,2018,34563.49714768861
Slovakia,SVK,2019,33458.19614124281
Slovenia,SVN,1990,34142.02396253938
Slovenia,SVN,1991,34097.15543175299
Slovenia,SVN,1992,31935.44671763592
Slovenia,SVN,1993,32922.46234216892
Slovenia,SVN,1994,35120.47936341755
Slovenia,SVN,1995,36981.13930083176
Slovenia,SVN,1996,38827.78300343389
Slovenia,SVN,1997,39797.939208453965
Slovenia,SVN,1998,39878.13820455963
Slovenia,SVN,1999,39418.57725359357
Slovenia,SVN,2000,39047.190303231386
Slovenia,SVN,2001,40852.7806830931
Slovenia,SVN,2002,40673.181059460505
Slovenia,SVN,2003,39904.9870715161
Slovenia,SVN,2004,42255.5934080211
Slovenia,SVN,2005,42200.88115694636
Slovenia,SVN,2006,42439.93044431368
Slovenia,SVN,2007,42011.37942308151
Slovenia,SVN,2008,45695.76402403955
Slovenia,SVN,2009,41925.35720463127
Slovenia,SVN,2010,41827.53087865101
Slovenia,SVN,2011,40484.28288851097
Slovenia,SVN,2012,39172.01924386394
Slovenia,SVN,2013,38598.6642068541
Slovenia,SVN,2014,39388.46644059798
Slovenia,SVN,2015,35576.90476924289
Slovenia,SVN,2016,37948.44552534523
Slovenia,SVN,2017,38362.9790686503
Slovenia,SVN,2018,39071.93105433301
Slovenia,SVN,2019,37446.1778111217
Spain,ESP,1965,10386.323152094385
Spain,ESP,1966,11600.33274449612
Spain,ESP,1967,12411.883757637284
Spain,ESP,1968,12923.033660061024
Spain,ESP,1969,14460.133335174476
Spain,ESP,1970,15455.945958445642
Spain,ESP,1971,16818.71995263221
Spain,ESP,1972,17969.57727471948
Spain,ESP,1973,19494.21966448413
Spain,ESP,1974,20054.04411071096
Spain,ESP,1975,20392.45621225207
Spain,ESP,1976,21585.00499360757
Spain,ESP,1977,22053.64451144512
Spain,ESP,1978,21917.6176060743
Spain,ESP,1979,23375.32733396689
Spain,ESP,1980,23376.8737144231
Spain,ESP,1981,23426.17024729432
Spain,ESP,1982,23249.30824146841
Spain,ESP,1983,23670.58610555448
Spain,ESP,1984,23902.76868811564
Spain,ESP,1985,23616.155283275315
Spain,ESP,1986,24049.934568324275
Spain,ESP,1987,24869.24103512579
Spain,ESP,1988,25876.073857087995
Spain,ESP,1989,27130.738875258063
Spain,ESP,1990,27061.09114608796
Spain,ESP,1991,27945.125164748573
Spain,ESP,1992,29250.318326356395
Spain,ESP,1993,28187.940460656253
Spain,ESP,1994,29416.675841833083
Spain,ESP,1995,30471.46406431925
Spain,ESP,1996,31516.12073992268
Spain,ESP,1997,33174.31100579729
Spain,ESP,1998,34610.26085099214
Spain,ESP,1999,35493.77537373337
Spain,ESP,2000,37176.86569438433
Spain,ESP,2001,38412.51351299432
Spain,ESP,2002,38318.08699191326
Spain,ESP,2003,39905.92016669472
Spain,ESP,2004,40828.31975097876
Spain,ESP,2005,40518.53212830733
Spain,ESP,2006,40435.39008289038
Spain,ESP,2007,40605.98784612182
Spain,ESP,2008,38906.03858704257
Spain,ESP,2009,35569.92353791847
Spain,ESP,2010,36180.1818044681
Spain,ESP,2011,35385.73993861112
Spain,ESP,2012,35208.083379669
Spain,ESP,2013,33422.014383756235
Spain,ESP,2014,32891.337262877976
Spain,ESP,2015,33404.78545376166
Spain,ESP,2016,33743.66550019785
Spain,ESP,2017,34175.28978414467
Spain,ESP,2018,34614.02641096902
Spain,ESP,2019,34004.43478685881
Sweden,SWE,1965,49655.74263215622
Sweden,SWE,1966,52616.30872268562
Sweden,SWE,1967,53375.05631380243
Sweden,SWE,1968,56612.29360396525
Sweden,SWE,1969,56332.42511088717
Sweden,SWE,1970,59470.7020009666
Sweden,SWE,1971,60020.88165879472
Sweden,SWE,1972,61573.577245095854
Sweden,SWE,1973,64870.0663437272
Sweden,SWE,1974,59825.7367657519
Sweden,SWE,1975,63230.69499371673
Sweden,SWE,1976,67106.5781356094
Sweden,SWE,1977,65985.21603433644
Sweden,SWE,1978,76592.74562032768
Sweden,SWE,1979,80574.19585154073
Sweden,SWE,1980,75589.0355393218
Sweden,SWE,1981,74804.36608301791
Sweden,SWE,1982,71110.67887859912
Sweden,SWE,1983,70441.778728958
Sweden,SWE,1984,74423.2172790005
Sweden,SWE,1985,80720.06916242786
Sweden,SWE,1986,83600.20571930804
Sweden,SWE,1987,81244.08286060374
Sweden,SWE,1988,78961.83198873645
Sweden,SWE,1989,76713.79832058892
Sweden,SWE,1990,77557.86349365565
Sweden,SWE,1991,73089.8429806843
Sweden,SWE,1992,72983.22790548476
Sweden,SWE,1993,71682.12643601006
Sweden,SWE,1994,71509.6204290898
Sweden,SWE,1995,71872.03017249389
Sweden,SWE,1996,69915.38005336653
Sweden,SWE,1997,72005.85889753388
Sweden,SWE,1998,77932.2353438972
Sweden,SWE,1999,75653.16006290815
Sweden,SWE,2000,69824.69964614953
Sweden,SWE,2001,74827.3131459364
Sweden,SWE,2002,69977.4717549526
Sweden,SWE,2003,66985.94101283386
Sweden,SWE,2004,71615.69802583852
Sweden,SWE,2005,73055.94967530636
Sweden,SWE,2006,68263.47317689337
Sweden,SWE,2007,68637.58531612616
Sweden,SWE,2008,66933.73623786574
Sweden,SWE,2009,60782.80301970364
Sweden,SWE,2010,63880.030248463256
Sweden,SWE,2011,62587.61259719107
Sweden,SWE,2012,65767.2640660262
Sweden,SWE,2013,61258.03807780827
Sweden,SWE,2014,60498.19437801879
Sweden,SWE,2015,61901.94887863391
Sweden,SWE,2016,60480.05165995038
Sweden,SWE,2017,61979.855602129646
Sweden,SWE,2018,60350.69094107481
Sweden,SWE,2019,62046.92090094858
Switzerland,CHE,1965,30646.81566562566
Switzerland,CHE,1966,32407.643318872357
Switzerland,CHE,1967,34163.76393962672
Switzerland,CHE,1968,35557.74379525771
Switzerland,CHE,1969,36495.20052888714
Switzerland,CHE,1970,39624.826719616
Switzerland,CHE,1971,40234.67232599646
Switzerland,CHE,1972,39431.96728027548
Switzerland,CHE,1973,43303.617194908
Switzerland,CHE,1974,41128.57762321259
Switzerland,CHE,1975,42496.33775977687
Switzerland,CHE,1976,40724.52090906599
Switzerland,CHE,1977,45184.5696549557
Switzerland,CHE,1978,44714.64453786354
Switzerland,CHE,1979,44670.90998338127
Switzerland,CHE,1980,47788.64531943508
Switzerland,CHE,1981,47577.62480144537
Switzerland,CHE,1982,46389.83012981681
Switzerland,CHE,1983,48036.67573202077
Switzerland,CHE,1984,46343.74138668605
Switzerland,CHE,1985,49190.87963584584
Switzerland,CHE,1986,51357.53297538019
Switzerland,CHE,1987,50694.354408929816
Switzerland,CHE,1988,50749.24894754084
Switzerland,CHE,1989,47181.029862422925
Switzerland,CHE,1990,48805.30650918384
Switzerland,CHE,1991,49602.71650243548
Switzerland,CHE,1992,49845.7239549286
Switzerland,CHE,1993,49129.776326807696
Switzerland,CHE,1994,51066.519705558094
Switzerland,CHE,1995,48024.10975367038
Switzerland,CHE,1996,46233.57646300853
Switzerland,CHE,1997,49148.8715049792
Switzerland,CHE,1998,49281.854616277495
Switzerland,CHE,1999,51224.78900822038
Switzerland,CHE,2000,49806.59760156075
Switzerland,CHE,2001,52905.338636010594
Switzerland,CHE,2002,49032.58558645568
Switzerland,CHE,2003,48185.24126326033
Switzerland,CHE,2004,47137.11163708192
Switzerland,CHE,2005,44877.24902392203
Switzerland,CHE,2006,46260.97403386807
Switzerland,CHE,2007,45154.44050634604
Switzerland,CHE,2008,46150.03134476269
Switzerland,CHE,2009,45481.89058996007
Switzerland,CHE,2010,43726.5103087937
Switzerland,CHE,2011,41007.668023847735
Switzerland,CHE,2012,42718.54049487388
Switzerland,CHE,2013,43302.29135930719
Switzerland,CHE,2014,40790.911461202544
Switzerland,CHE,2015,39452.31324328986
Switzerland,CHE,2016,36749.34330822864
Switzerland,CHE,2017,36505.85859602271
Switzerland,CHE,2018,36751.57249165072
Switzerland,CHE,2019,36542.173564345714
United Kingdom,GBR,1965,42670.597097228296
United Kingdom,GBR,1966,42615.42560988221
United Kingdom,GBR,1967,42392.51452872357
United Kingdom,GBR,1968,43697.87152822031
United Kingdom,GBR,1969,45087.57821230602
United Kingdom,GBR,1970,45861.808323124336
United Kingdom,GBR,1971,44872.58029345068
United Kingdom,GBR,1972,45415.10563237272
United Kingdom,GBR,1973,47579.27714789413
United Kingdom,GBR,1974,45112.37656029002
United Kingdom,GBR,1975,42487.37321594031
United Kingdom,GBR,1976,43325.75787253367
United Kingdom,GBR,1977,44122.32642578743
United Kingdom,GBR,1978,44376.78592247046
United Kingdom,GBR,1979,46454.61033330537
United Kingdom,GBR,1980,42310.07889815653
United Kingdom,GBR,1981,41125.79880659092
United Kingdom,GBR,1982,40570.60247358469
United Kingdom,GBR,1983,40702.51399805633
United Kingdom,GBR,1984,40640.13213791575
United Kingdom,GBR,1985,42301.023203164106
United Kingdom,GBR,1986,43392.4884840114
United Kingdom,GBR,1987,43222.27700898931
United Kingdom,GBR,1988,43669.988154807244
United Kingdom,GBR,1989,43590.9902256933
United Kingdom,GBR,1990,43814.581959880525
United Kingdom,GBR,1991,44612.68331850263
United Kingdom,GBR,1992,44204.80854694319
United Kingdom,GBR,1993,44583.22407821853
United Kingdom,GBR,1994,43919.867333331655
United Kingdom,GBR,1995,43942.01124432329
United Kingdom,GBR,1996,45930.37245893668
United Kingdom,GBR,1997,44974.98019763078
United Kingdom,GBR,1998,45292.18185934555
United Kingdom,GBR,1999,44904.84180677649
United Kingdom,GBR,2000,45129.48660110239
United Kingdom,GBR,2001,45473.16549884548
United Kingdom,GBR,2002,44300.12342379123
United Kingdom,GBR,2003,44750.83680484005
United Kingdom,GBR,2004,44754.6225446786
United Kingdom,GBR,2005,44930.90120809455
United Kingdom,GBR,2006,43992.76563359764
United Kingdom,GBR,2007,42248.2995124592
United Kingdom,GBR,2008,41023.23848005513
United Kingdom,GBR,2009,38565.93820531076
United Kingdom,GBR,2010,39124.53907790926
United Kingdom,GBR,2011,36662.35555713009
United Kingdom,GBR,2012,36822.99953457392
United Kingdom,GBR,2013,36384.99434300441
United Kingdom,GBR,2014,34054.03036731618
United Kingdom,GBR,2015,34208.031238252486
United Kingdom,GBR,2016,33577.33740163345
United Kingdom,GBR,2017,33267.1341230567
United Kingdom,GBR,2018,32950.188272361986
United Kingdom,GBR,2019,32249.73455883706
World,OWID_WRL,1965,12949.971384721868
World,OWID_WRL,1966,13375.477166188766
World,OWID_WRL,1967,13596.332654561533
World,OWID_WRL,1968,14128.7701936577
World,OWID_WRL,1969,14775.572032597876
World,OWID_WRL,1970,15389.116643435937
World,OWID_WRL,1971,15696.422855460072
World,OWID_WRL,1972,16221.962062601764
World,OWID_WRL,1973,16823.470119314796
World,OWID_WRL,1974,16592.805426066883
World,OWID_WRL,1975,16373.159432773931
World,OWID_WRL,1976,16945.560376433183
World,OWID_WRL,1977,17256.216283857222
World,OWID_WRL,1978,17549.600810601845
World,OWID_WRL,1979,17847.087874487643
World,OWID_WRL,1980,17413.264444495886
World,OWID_WRL,1981,17030.07193243363
World,OWID_WRL,1982,16631.47664513942
World,OWID_WRL,1983,16605.47693986136
World,OWID_WRL,1984,17095.120262675377
World,OWID_WRL,1985,17235.384998912814
World,OWID_WRL,1986,17296.598374640907
World,OWID_WRL,1987,17574.466152347573
World,OWID_WRL,1988,17916.469396572636
World,OWID_WRL,1989,17943.040281147307
World,OWID_WRL,1990,17844.72051985016
World,OWID_WRL,1991,17681.04019766074
World,OWID_WRL,1992,17539.655701811662
World,OWID_WRL,1993,17400.078370472776
World,OWID_WRL,1994,17369.00247819048
World,OWID_WRL,1995,17482.116610991186
World,OWID_WRL,1996,17746.22802916131
World,OWID_WRL,1997,17671.673359989207
World,OWID_WRL,1998,17545.244987128608
World,OWID_WRL,1999,17628.417463250873
World,OWID_WRL,2000,17837.304876825678
World,OWID_WRL,2001,17786.908279516534
World,OWID_WRL,2002,17948.313671598917
World,OWID_WRL,2003,18358.56036595334
World,OWID_WRL,2004,19012.350742820363
World,OWID_WRL,2005,19408.08200431092
World,OWID_WRL,2006,19716.932659526923
World,OWID_WRL,2007,20076.270249622383
World,OWID_WRL,2008,20057.851139881102
World,OWID_WRL,2009,19514.056595421756
World,OWID_WRL,2010,20204.96300004165
World,OWID_WRL,2011,20447.57538543264
World,OWID_WRL,2012,20464.76037641336
World,OWID_WRL,2013,20606.61111757601
World,OWID_WRL,2014,20532.66021076484
World,OWID_WRL,2015,20445.282902043386
World,OWID_WRL,2016,20490.954820812796
World,OWID_WRL,2017,20624.76066963021
World,OWID_WRL,2018,20975.202900611224
World,OWID_WRL,2019,21027.41490908629
